id,first_name,last_name,email,gender,ip_address
1,Harrison,Righy,hrighy0@wufoo.com,Male,62.187.112.206
2,Cherish,Lopes,clopes1@bizjournals.com,Female,15.197.87.231
3,Dulsea,Axup,daxup2@g.co,Female,36.145.75.66
4,Andrus,Averay,aaveray3@xrea.com,Male,7.127.178.192
5,Morley,Buchan,mbuchan4@cnet.com,Male,61.34.158.30
6,Judon,Labbett,jlabbett5@myspace.com,Male,35.88.236.198
7,Brear,Sokale,bsokale6@odnoklassniki.ru,Female,12.238.244.129
8,Tiphanie,Askaw,taskaw7@theguardian.com,Female,61.250.129.231
9,Helaine,Gotter,hgotter8@ovh.net,Female,169.166.82.176
10,Morris,Uzielli,muzielli9@blogger.com,Male,10.87.33.160
11,Shaylyn,Jeratt,sjeratta@ucsd.edu,Female,201.6.211.245
12,Wilburt,Langton,wlangtonb@sina.com.cn,Male,19.220.33.166
13,Franklin,Pashbee,fpashbeec@github.io,Male,207.214.147.222
14,Martin,Peirone,mpeironed@cisco.com,Male,209.216.0.83
15,Gerladina,Palffrey,gpalffreye@msn.com,Female,191.67.185.177
16,Evangelina,Barnsley,ebarnsleyf@google.ru,Female,244.213.150.214
17,Dawn,Dorant,ddorantg@odnoklassniki.ru,Female,163.194.210.63
18,Blinni,Carnachen,bcarnachenh@wikispaces.com,Female,135.30.175.61
19,Bambi,Hanscom,bhanscomi@time.com,Female,196.182.31.36
20,Harp,Spellessy,hspellessyj@smugmug.com,Male,231.183.203.51
21,Kingston,Pahler,kpahlerk@whitehouse.gov,Male,52.103.161.51
22,Perla,Corday,pcordayl@myspace.com,Female,254.197.9.21
23,Nora,Tatteshall,ntatteshallm@tamu.edu,Female,65.205.91.29
24,Maury,Carrington,mcarringtonn@wikimedia.org,Male,225.65.69.116
25,Rudy,Barnhill,rbarnhillo@joomla.org,Male,67.187.196.99
26,Grantley,Klewi,gklewip@newsvine.com,Male,243.52.213.238
27,Louie,Tocqueville,ltocquevilleq@blogs.com,Male,149.132.144.130
28,Felipa,Wishkar,fwishkarr@paginegialle.it,Female,38.6.55.247
29,Errick,Bonnier,ebonniers@ucsd.edu,Male,212.182.42.175
30,Janis,Pirrey,jpirreyt@globo.com,Female,6.175.254.192
31,Anna,Haestier,ahaestieru@discovery.com,Female,4.143.6.23
32,Pernell,Athy,pathyv@businessweek.com,Male,169.14.167.181
33,Gothart,Galero,ggalerow@state.gov,Male,35.173.66.77
34,Thorsten,Moger,tmogerx@blogtalkradio.com,Male,82.182.157.66
35,Gilles,Penticoot,gpenticooty@over-blog.com,Male,218.149.74.76
36,Orton,Driver,odriverz@dropbox.com,Male,72.159.52.196
37,Marten,Mattioni,mmattioni10@admin.ch,Male,72.187.161.253
38,Wallie,Abarough,wabarough11@netvibes.com,Female,137.71.35.226
39,Kent,Curphey,kcurphey12@nih.gov,Male,196.49.149.235
40,Gussy,Linsley,glinsley13@over-blog.com,Female,85.218.86.77
41,Lonnie,Allicock,lallicock14@omniture.com,Male,225.1.131.229
42,Trish,Mizzi,tmizzi15@networksolutions.com,Female,43.166.36.156
43,Tamra,Cockshott,tcockshott16@wikia.com,Female,139.207.121.158
44,Mimi,Friatt,mfriatt17@vkontakte.ru,Female,112.103.140.59
45,Alfons,Gosz,agosz18@wired.com,Male,24.211.167.52
46,Parke,Molines,pmolines19@people.com.cn,Male,175.12.150.12
47,Reynolds,Body,rbody1a@arstechnica.com,Male,70.101.169.72
48,Shaun,Grubb,sgrubb1b@trellian.com,Male,184.132.69.89
49,Jesse,Lghan,jlghan1c@thetimes.co.uk,Male,225.43.46.242
50,Leila,Troak,ltroak1d@slideshare.net,Female,118.243.38.185
51,Christian,Ellacombe,cellacombe1e@wunderground.com,Male,227.120.128.102
52,Wendy,Sikorski,wsikorski1f@webmd.com,Female,127.196.195.31
53,Auguste,Bergeon,abergeon1g@hao123.com,Female,80.204.75.55
54,Silas,Norkutt,snorkutt1h@quantcast.com,Male,32.51.154.103
55,Maurita,Southwick,msouthwick1i@miitbeian.gov.cn,Female,171.53.236.55
56,Grady,Franklyn,gfranklyn1j@51.la,Male,156.216.16.218
57,Donny,Dunckley,ddunckley1k@mapquest.com,Male,233.243.142.188
58,Huntlee,Yitshak,hyitshak1l@goo.gl,Male,95.210.160.10
59,Johnathan,Byrd,jbyrd1m@virginia.edu,Male,136.19.217.241
60,Garth,Le Grice,glegrice1n@pen.io,Male,150.169.148.153
61,Lilias,MacGregor,lmacgregor1o@home.pl,Female,152.56.29.100
62,Gussi,Wurst,gwurst1p@discuz.net,Female,19.139.219.56
63,Alvis,Nolleau,anolleau1q@businesswire.com,Male,134.129.146.17
64,Adelind,McCrie,amccrie1r@bloglovin.com,Female,230.242.149.7
65,Thaddus,Laidler,tlaidler1s@slideshare.net,Male,196.228.185.104
66,Welbie,Yukhtin,wyukhtin1t@bloglovin.com,Male,105.4.136.127
67,Gaile,Graalmans,ggraalmans1u@va.gov,Male,171.103.253.206
68,Cordey,Breckon,cbreckon1v@amazonaws.com,Female,100.10.70.180
69,Johnnie,Elfe,jelfe1w@mail.ru,Male,91.148.140.26
70,Clywd,Simchenko,csimchenko1x@economist.com,Male,11.233.37.248
71,Caitlin,de Guise,cdeguise1y@pagesperso-orange.fr,Female,149.234.147.228
72,Janina,Chalmers,jchalmers1z@liveinternet.ru,Female,105.159.124.221
73,Kimble,Filipponi,kfilipponi20@who.int,Male,223.99.142.185
74,Yetty,D'Ambrogio,ydambrogio21@quantcast.com,Female,46.20.8.168
75,Gisele,Tilney,gtilney22@360.cn,Female,102.202.163.18
76,Sherwood,Pakeman,spakeman23@skyrock.com,Male,164.246.87.205
77,Boony,Pull,bpull24@dion.ne.jp,Male,218.83.251.210
78,Trixie,Ughelli,tughelli25@samsung.com,Female,229.116.87.208
79,Darsey,Corner,dcorner26@jigsy.com,Female,151.119.64.45
80,Jennifer,Stockney,jstockney27@mozilla.com,Female,32.92.221.231
81,Stacy,Stockford,sstockford28@cdbaby.com,Male,232.253.18.92
82,Laurent,Prydie,lprydie29@apache.org,Male,185.52.92.99
83,Lolly,Churchward,lchurchward2a@a8.net,Female,19.40.122.238
84,Giselbert,Crosio,gcrosio2b@soup.io,Male,165.1.97.11
85,Kara,Minero,kminero2c@msu.edu,Female,192.222.53.24
86,Arthur,McKeurtan,amckeurtan2d@newsvine.com,Male,165.155.82.178
87,Alasdair,Christoffersen,achristoffersen2e@upenn.edu,Male,179.99.130.178
88,Alexei,Drover,adrover2f@archive.org,Male,75.235.29.221
89,Toddy,Doward,tdoward2g@theguardian.com,Male,137.152.205.209
90,Waylin,Frisby,wfrisby2h@bloomberg.com,Male,118.253.91.226
91,Odelinda,Cleghorn,ocleghorn2i@baidu.com,Female,251.68.166.20
92,Jacqueline,Hucknall,jhucknall2j@smugmug.com,Female,41.75.155.17
93,Vikky,Tillard,vtillard2k@tripadvisor.com,Female,96.28.164.172
94,Stormie,Bazelle,sbazelle2l@go.com,Female,169.223.87.31
95,Pavla,Heinzel,pheinzel2m@imdb.com,Female,183.71.60.220
96,Angelika,Sainz,asainz2n@webeden.co.uk,Female,142.225.6.168
97,Deck,Toogood,dtoogood2o@taobao.com,Male,172.66.128.188
98,Lazarus,Zanussii,lzanussii2p@yale.edu,Male,131.122.103.106
99,Carter,Folomin,cfolomin2q@cafepress.com,Male,52.124.85.50
100,Rick,Jex,rjex2r@clickbank.net,Male,162.110.58.4
101,Urbanus,Somerville,usomerville2s@constantcontact.com,Male,30.151.21.38
102,Luz,Breens,lbreens2t@nationalgeographic.com,Female,31.117.162.228
103,Sena,Lawrie,slawrie2u@topsy.com,Female,127.123.5.184
104,Janenna,Cordner,jcordner2v@ycombinator.com,Female,226.115.113.231
105,Constantin,Brimble,cbrimble2w@howstuffworks.com,Male,20.125.26.225
106,Austina,Gonsalo,agonsalo2x@nature.com,Female,168.50.163.33
107,Ladonna,Musso,lmusso2y@mysql.com,Female,202.171.215.81
108,Reinhard,Conradie,rconradie2z@angelfire.com,Male,85.25.39.122
109,Loreen,Georgievski,lgeorgievski30@sitemeter.com,Female,56.102.16.177
110,Lise,Rapo,lrapo31@weibo.com,Female,154.222.157.100
111,Cristionna,Jenney,cjenney32@irs.gov,Female,81.242.175.8
112,Jervis,McMonnies,jmcmonnies33@mtv.com,Male,47.219.173.153
113,Cristionna,Hiorn,chiorn34@java.com,Female,247.229.155.117
114,Carlyn,Bonsul,cbonsul35@dell.com,Female,137.27.127.173
115,Evania,Comiam,ecomiam36@tripod.com,Female,5.169.61.89
116,Minetta,Sutty,msutty37@spotify.com,Female,177.253.77.120
117,Talbert,Bransden,tbransden38@wisc.edu,Male,220.71.179.153
118,Worden,Felmingham,wfelmingham39@un.org,Male,172.151.124.146
119,Em,Caulliere,ecaulliere3a@addthis.com,Female,20.250.216.227
120,Gabriellia,Broxis,gbroxis3b@nasa.gov,Female,33.175.205.236
121,Nicki,MacRitchie,nmacritchie3c@scribd.com,Female,193.108.103.208
122,Cory,Mac,cmac3d@csmonitor.com,Female,153.99.5.242
123,Cortney,Kolodziejski,ckolodziejski3e@ow.ly,Female,222.138.28.104
124,Marketa,Dwine,mdwine3f@state.gov,Female,10.140.4.112
125,Brittney,Synke,bsynke3g@yahoo.co.jp,Female,4.69.87.254
126,Davon,Berg,dberg3h@house.gov,Male,20.255.179.106
127,Amii,Nunan,anunan3i@columbia.edu,Female,112.110.215.58
128,Andrey,Wallbridge,awallbridge3j@mapy.cz,Male,98.136.160.2
129,Jillana,Hurch,jhurch3k@dyndns.org,Female,241.142.179.114
130,Loralee,Vynarde,lvynarde3l@geocities.com,Female,161.156.207.206
131,Ricky,Garrigan,rgarrigan3m@fda.gov,Male,130.205.37.186
132,Lydia,Radin,lradin3n@hhs.gov,Female,246.34.111.66
133,Huntlee,Nurdin,hnurdin3o@buzzfeed.com,Male,243.22.10.218
134,Emylee,Puttick,eputtick3p@elpais.com,Female,224.5.251.97
135,Clareta,Swarbrigg,cswarbrigg3q@engadget.com,Female,75.171.63.233
136,Vite,Cordingly,vcordingly3r@wikia.com,Male,71.122.140.70
137,Shell,Keepe,skeepe3s@engadget.com,Female,155.51.166.60
138,Corena,Blackwood,cblackwood3t@github.io,Female,49.0.50.105
139,Augusto,Bansal,abansal3u@mediafire.com,Male,121.196.188.86
140,Alida,Foxen,afoxen3v@ovh.net,Female,243.148.27.105
141,Barnebas,Dawidowicz,bdawidowicz3w@clickbank.net,Male,227.120.247.158
142,Maryanne,Drewell,mdrewell3x@odnoklassniki.ru,Female,234.30.25.160
143,Yance,Braams,ybraams3y@hhs.gov,Male,160.21.196.101
144,Ole,Hollyman,ohollyman3z@state.tx.us,Male,123.118.74.42
145,Margarita,Wooland,mwooland40@guardian.co.uk,Female,56.222.12.249
146,Kipp,Sawrey,ksawrey41@drupal.org,Male,7.202.160.100
147,Theodoric,Weavill,tweavill42@hugedomains.com,Male,249.238.37.137
148,Cale,Riediger,criediger43@samsung.com,Male,250.119.155.45
149,Gertruda,Lambourne,glambourne44@angelfire.com,Female,141.237.190.121
150,Bondon,Ellar,bellar45@narod.ru,Male,19.102.246.7
151,Agata,Fyers,afyers46@youtube.com,Female,116.26.40.192
152,Amery,Swansbury,aswansbury47@amazon.de,Male,120.203.15.137
153,Kele,Giovanizio,kgiovanizio48@weibo.com,Male,221.142.40.71
154,Flint,Keane,fkeane49@discuz.net,Male,141.225.96.219
155,Dael,Rojel,drojel4a@feedburner.com,Male,45.150.214.108
156,Dayna,Carlaw,dcarlaw4b@istockphoto.com,Female,3.75.79.184
157,Andrea,Gambles,agambles4c@scientificamerican.com,Male,3.31.2.140
158,Roarke,Conneau,rconneau4d@stanford.edu,Male,124.134.194.205
159,Marie-ann,Whapham,mwhapham4e@nasa.gov,Female,43.184.245.99
160,Correy,Pearce,cpearce4f@mit.edu,Female,71.55.42.65
161,Ofelia,Rangall,orangall4g@sogou.com,Female,36.250.69.160
162,Rolando,Boyda,rboyda4h@goo.gl,Male,226.16.184.206
163,Wiatt,Geal,wgeal4i@ted.com,Male,23.181.62.7
164,Dicky,Attack,dattack4j@desdev.cn,Male,55.150.73.217
165,Justinn,Ottam,jottam4k@reuters.com,Female,72.210.53.201
166,Way,Ovenden,wovenden4l@businessweek.com,Male,88.33.98.2
167,Clair,Diament,cdiament4m@pbs.org,Male,231.153.111.26
168,Henrieta,Morten,hmorten4n@comsenz.com,Female,121.42.8.193
169,Norma,Print,nprint4o@prnewswire.com,Female,104.169.104.3
170,Lavinia,Clancy,lclancy4p@tinypic.com,Female,69.47.117.103
171,Kailey,Daws,kdaws4q@apache.org,Female,189.159.249.163
172,Suzi,Cottom,scottom4r@so-net.ne.jp,Female,161.18.126.226
173,Odey,Duhig,oduhig4s@artisteer.com,Male,172.167.12.255
174,Monti,Martynka,mmartynka4t@europa.eu,Male,230.10.40.174
175,Corty,Pethick,cpethick4u@hexun.com,Male,119.93.166.46
176,Easter,Roberson,eroberson4v@apache.org,Female,157.176.29.85
177,Sarajane,Skuce,sskuce4w@imdb.com,Female,215.147.246.84
178,Dulcia,Bosch,dbosch4x@yelp.com,Female,95.190.32.144
179,Noami,Wheadon,nwheadon4y@fc2.com,Female,65.139.203.150
180,Faith,Mebs,fmebs4z@photobucket.com,Female,182.150.161.201
181,Herculie,Chainey,hchainey50@domainmarket.com,Male,171.129.79.9
182,Woodie,Gercken,wgercken51@adobe.com,Male,213.90.60.83
183,Roseline,Stockow,rstockow52@uiuc.edu,Female,39.75.233.42
184,Kerwin,Ferney,kferney53@vinaora.com,Male,30.132.109.5
185,Robyn,Izon,rizon54@xinhuanet.com,Female,215.202.29.238
186,Emilia,Cutridge,ecutridge55@google.ru,Female,1.102.35.221
187,Nobe,Filippucci,nfilippucci56@dailymail.co.uk,Male,130.32.141.96
188,Halli,Otteridge,hotteridge57@sakura.ne.jp,Female,69.9.253.174
189,Emmy,Carmel,ecarmel58@theatlantic.com,Male,94.228.31.170
190,Broddie,Jeannard,bjeannard59@economist.com,Male,229.109.12.23
191,Alfy,Mepham,amepham5a@goo.gl,Male,211.243.9.85
192,Dorella,Lorryman,dlorryman5b@wikia.com,Female,108.94.198.104
193,Melanie,Vaughten,mvaughten5c@blogtalkradio.com,Female,249.40.136.20
194,Joshua,Acreman,jacreman5d@twitter.com,Male,114.41.155.10
195,Greg,Skilton,gskilton5e@harvard.edu,Male,67.244.69.48
196,Manfred,Attridge,mattridge5f@vimeo.com,Male,249.237.104.106
197,Kimmi,Bartolomeazzi,kbartolomeazzi5g@shutterfly.com,Female,127.125.35.189
198,Alessandro,Adair,aadair5h@wp.com,Male,183.107.77.162
199,Deane,Scholler,dscholler5i@com.com,Female,168.138.114.38
200,Donia,Barz,dbarz5j@cargocollective.com,Female,207.95.210.94
201,Lanae,Cropper,lcropper5k@homestead.com,Female,45.38.109.251
202,Kalila,McFetridge,kmcfetridge5l@sbwire.com,Female,105.192.128.92
203,Daron,Blaisdale,dblaisdale5m@comsenz.com,Male,46.17.75.57
204,Carena,Cabane,ccabane5n@boston.com,Female,212.48.226.135
205,Paula,Savery,psavery5o@naver.com,Female,27.212.57.231
206,Lanie,Larsen,llarsen5p@ocn.ne.jp,Male,107.98.199.25
207,Angelique,Rabbet,arabbet5q@sciencedirect.com,Female,43.234.186.150
208,Rhea,Gerrie,rgerrie5r@howstuffworks.com,Female,49.148.124.169
209,Jori,Sleany,jsleany5s@umich.edu,Female,207.74.131.107
210,Marty,Itzhaki,mitzhaki5t@bing.com,Female,12.108.205.95
211,Zorine,Abraham,zabraham5u@psu.edu,Female,226.172.197.44
212,Horace,Courteney,hcourteney5v@tumblr.com,Male,91.68.75.28
213,Agustin,Lamball,alamball5w@bbc.co.uk,Male,172.200.76.209
214,Kirby,Gaydon,kgaydon5x@ucla.edu,Male,166.2.4.7
215,Thayne,Baline,tbaline5y@walmart.com,Male,174.23.66.11
216,Lothaire,Poulden,lpoulden5z@123-reg.co.uk,Male,2.163.106.107
217,Bruce,Robardet,brobardet60@discuz.net,Male,1.128.226.100
218,Aila,Howell,ahowell61@ed.gov,Female,187.185.189.139
219,Nady,Darkins,ndarkins62@freewebs.com,Female,128.237.122.187
220,Meg,Pirri,mpirri63@weibo.com,Female,33.152.90.86
221,Lin,Beining,lbeining64@xing.com,Male,233.24.50.5
222,Carla,Cuolahan,ccuolahan65@google.de,Female,239.5.64.191
223,Prescott,Orable,porable66@dion.ne.jp,Male,44.193.11.134
224,Frannie,Taile,ftaile67@nytimes.com,Female,220.78.16.165
225,Gusta,Horsley,ghorsley68@va.gov,Female,38.238.152.106
226,Risa,Beal,rbeal69@google.pl,Female,33.10.81.23
227,Brantley,Stranahan,bstranahan6a@list-manage.com,Male,107.75.117.224
228,Brooks,Pettitt,bpettitt6b@weibo.com,Female,79.14.5.196
229,Shandee,Menier,smenier6c@theglobeandmail.com,Female,8.1.76.182
230,Ichabod,Sackett,isackett6d@amazon.de,Male,99.246.35.54
231,Mavra,Simeoni,msimeoni6e@quantcast.com,Female,93.64.137.72
232,Bev,Cesco,bcesco6f@pbs.org,Male,8.46.119.39
233,Korry,Schwand,kschwand6g@fda.gov,Female,161.33.99.80
234,Hailey,Demangeot,hdemangeot6h@elegantthemes.com,Male,183.41.84.71
235,Darrell,Bawles,dbawles6i@google.co.uk,Male,76.105.149.249
236,Tessy,Nutley,tnutley6j@quantcast.com,Female,75.204.98.167
237,Laurence,Kersaw,lkersaw6k@usatoday.com,Male,244.68.169.74
238,Maitilde,Daley,mdaley6l@usda.gov,Female,254.148.3.138
239,Yalonda,Shervington,yshervington6m@w3.org,Female,227.251.84.95
240,Murray,Frantz,mfrantz6n@mtv.com,Male,205.212.243.66
241,Ranna,Fogel,rfogel6o@reuters.com,Female,62.16.11.102
242,Noel,Carabine,ncarabine6p@bigcartel.com,Female,60.255.40.48
243,Cameron,Purcer,cpurcer6q@bbb.org,Male,235.156.234.44
244,Scotti,Tue,stue6r@berkeley.edu,Male,78.49.222.96
245,Dory,Huskisson,dhuskisson6s@shutterfly.com,Female,203.103.184.225
246,Mirilla,Woodgate,mwoodgate6t@dagondesign.com,Female,69.125.226.49
247,Barbi,Le feaver,blefeaver6u@youtu.be,Female,54.99.176.239
248,Rose,Tombleson,rtombleson6v@unc.edu,Female,66.74.133.94
249,Guss,Flaverty,gflaverty6w@auda.org.au,Male,96.62.26.231
250,Vlad,Mayward,vmayward6x@house.gov,Male,22.79.214.124
251,Deb,Cornilleau,dcornilleau6y@ustream.tv,Female,157.242.20.97
252,Hogan,Pinner,hpinner6z@msu.edu,Male,116.70.227.214
253,Verena,Goodey,vgoodey70@china.com.cn,Female,128.184.51.77
254,Leeland,Alesbrook,lalesbrook71@archive.org,Male,61.47.116.173
255,Yvonne,Poolman,ypoolman72@apache.org,Female,179.177.115.235
256,Mariann,Southcott,msouthcott73@wikia.com,Female,45.176.134.122
257,Hildegaard,Alldre,halldre74@altervista.org,Female,218.15.143.238
258,Josephine,Egger,jegger75@so-net.ne.jp,Female,175.86.145.162
259,Harry,Babber,hbabber76@odnoklassniki.ru,Male,196.249.239.102
260,Midge,Stambridge,mstambridge77@sakura.ne.jp,Female,87.219.189.67
261,Tracie,Blundan,tblundan78@g.co,Male,87.207.14.13
262,Engracia,Adolf,eadolf79@europa.eu,Female,15.145.86.138
263,Nathanial,Craik,ncraik7a@alexa.com,Male,221.2.207.166
264,Kendell,Aluard,kaluard7b@quantcast.com,Male,95.67.47.167
265,Maddalena,Reville,mreville7c@gov.uk,Female,193.135.14.33
266,Paton,Bemment,pbemment7d@imdb.com,Male,219.233.220.28
267,Michelina,Witcherley,mwitcherley7e@soundcloud.com,Female,129.194.159.213
268,Zane,Commin,zcommin7f@europa.eu,Male,182.129.43.189
269,Ezri,Redmile,eredmile7g@time.com,Male,31.92.76.160
270,Amata,Betser,abetser7h@latimes.com,Female,25.213.122.78
271,Elsie,Poulgreen,epoulgreen7i@so-net.ne.jp,Female,66.211.215.83
272,Antonin,Luno,aluno7j@disqus.com,Male,97.5.163.21
273,Corny,Thomson,cthomson7k@adobe.com,Male,183.208.209.5
274,Milty,Puckham,mpuckham7l@technorati.com,Male,34.240.127.67
275,Armando,Glasspool,aglasspool7m@aol.com,Male,126.130.21.125
276,Lyndsey,Brandacci,lbrandacci7n@cargocollective.com,Female,76.134.66.107
277,Austin,Ackery,aackery7o@geocities.jp,Female,251.55.254.29
278,Collie,Shepard,cshepard7p@bbb.org,Female,36.193.169.0
279,Clemente,Brooksbank,cbrooksbank7q@dailymail.co.uk,Male,196.192.183.21
280,Bink,Hemstead,bhemstead7r@networkadvertising.org,Male,222.25.47.10
281,Ricard,Cinnamond,rcinnamond7s@baidu.com,Male,4.177.46.131
282,Flossi,Traise,ftraise7t@hp.com,Female,228.184.188.112
283,Kenna,Vass,kvass7u@slideshare.net,Female,12.44.249.115
284,Jeane,Worland,jworland7v@vk.com,Female,26.70.142.203
285,Toinette,Klee,tklee7w@plala.or.jp,Female,247.251.180.29
286,Arney,Hastwell,ahastwell7x@walmart.com,Male,16.25.5.47
287,Reeba,Chardin,rchardin7y@examiner.com,Female,18.153.91.23
288,Thayne,Bembridge,tbembridge7z@surveymonkey.com,Male,200.66.19.99
289,Ardenia,Nurny,anurny80@ifeng.com,Female,44.154.197.252
290,Zorana,covino,zcovino81@archive.org,Female,246.33.6.43
291,Ewell,Parken,eparken82@soundcloud.com,Male,251.35.209.117
292,Celinka,Vasiliu,cvasiliu83@irs.gov,Female,142.214.100.48
293,Niki,Maude,nmaude84@bbb.org,Female,37.209.168.170
294,Deck,Narey,dnarey85@buzzfeed.com,Male,144.50.53.48
295,Kikelia,Ebbitt,kebbitt86@mayoclinic.com,Female,183.5.20.185
296,Kennedy,Dinnington,kdinnington87@goo.ne.jp,Male,94.201.165.78
297,Dasha,Slowan,dslowan88@npr.org,Female,183.196.64.92
298,Orlan,Scott,oscott89@utexas.edu,Male,107.120.71.78
299,Maggi,Yantsev,myantsev8a@ovh.net,Female,95.139.93.163
300,Ellene,Steabler,esteabler8b@reuters.com,Female,161.166.48.7
301,Joell,Bellee,jbellee8c@yolasite.com,Female,9.87.253.19
302,Scotty,Serginson,sserginson8d@omniture.com,Male,163.93.146.141
303,Randa,Smaleman,rsmaleman8e@barnesandnoble.com,Female,90.170.66.86
304,Constantin,Challener,cchallener8f@friendfeed.com,Male,207.146.170.150
305,Lilli,Milliere,lmilliere8g@google.es,Female,154.215.162.112
306,Kamila,Callaby,kcallaby8h@ebay.co.uk,Female,74.72.34.130
307,Linzy,Chevis,lchevis8i@rediff.com,Female,77.109.182.0
308,Darleen,Zecchetti,dzecchetti8j@toplist.cz,Female,215.20.254.196
309,Briana,Alfonsini,balfonsini8k@nationalgeographic.com,Female,76.220.102.229
310,Chrisy,Beagan,cbeagan8l@stanford.edu,Male,10.232.91.234
311,Shanda,Pinor,spinor8m@google.co.uk,Female,64.233.25.131
312,Anna,Brown,abrown8n@goodreads.com,Female,252.12.226.97
313,Mandi,Hanks,mhanks8o@bbb.org,Female,101.178.12.212
314,Pincas,Pitkeathley,ppitkeathley8p@t.co,Male,134.200.209.254
315,Rudie,Frosdick,rfrosdick8q@prnewswire.com,Male,237.204.175.111
316,Pansie,Newhouse,pnewhouse8r@ox.ac.uk,Female,140.22.94.38
317,Miguela,Carthy,mcarthy8s@japanpost.jp,Female,192.216.233.190
318,Orland,Friedman,ofriedman8t@pagesperso-orange.fr,Male,246.223.248.72
319,Alexander,Hudless,ahudless8u@sakura.ne.jp,Male,146.49.205.19
320,Mattie,Critchard,mcritchard8v@nature.com,Male,218.194.253.181
321,Emmie,Bullocke,ebullocke8w@mayoclinic.com,Female,236.133.60.231
322,Falito,Garrison,fgarrison8x@biblegateway.com,Male,22.84.90.224
323,Aime,Deport,adeport8y@icio.us,Female,108.210.135.55
324,Jarad,Bunhill,jbunhill8z@prlog.org,Male,249.120.232.99
325,Hobart,Swin,hswin90@cisco.com,Male,24.203.253.27
326,Waylan,Exroll,wexroll91@senate.gov,Male,25.146.6.239
327,Ezequiel,Garfitt,egarfitt92@yellowpages.com,Male,128.81.50.186
328,Maybelle,Galfour,mgalfour93@geocities.jp,Female,1.39.5.209
329,Honor,Steptoe,hsteptoe94@github.io,Female,104.97.241.117
330,Joelle,Norsworthy,jnorsworthy95@upenn.edu,Female,81.129.48.224
331,Cyndi,Gaddie,cgaddie96@canalblog.com,Female,77.155.77.12
332,Jewel,Corriea,jcorriea97@paypal.com,Female,208.127.229.117
333,Thadeus,Gilcriest,tgilcriest98@sogou.com,Male,198.212.43.164
334,Stan,Roston,sroston99@vkontakte.ru,Male,173.225.89.4
335,Gennifer,Brough,gbrough9a@stanford.edu,Female,70.147.58.230
336,Cecilius,Abramof,cabramof9b@nationalgeographic.com,Male,78.121.62.66
337,Easter,Skym,eskym9c@huffingtonpost.com,Female,29.52.39.198
338,Krishna,Hullyer,khullyer9d@virginia.edu,Male,187.15.255.208
339,Terencio,Crommett,tcrommett9e@bluehost.com,Male,140.83.147.118
340,Edan,Andric,eandric9f@thetimes.co.uk,Male,174.79.45.187
341,Lionello,Brelsford,lbrelsford9g@google.co.uk,Male,119.163.185.102
342,Robinette,Pyle,rpyle9h@ft.com,Female,205.135.59.234
343,Kimbell,Rabidge,krabidge9i@free.fr,Male,125.12.222.181
344,Lila,Le land,lleland9j@wired.com,Female,87.89.198.111
345,Monro,Matysiak,mmatysiak9k@ustream.tv,Male,232.22.147.232
346,Shawn,Traise,straise9l@nytimes.com,Male,79.217.101.7
347,Irwin,Robet,irobet9m@hubpages.com,Male,126.97.231.190
348,Ediva,Winser,ewinser9n@phoca.cz,Female,43.33.8.78
349,Corrie,Stilwell,cstilwell9o@nifty.com,Female,29.126.242.156
350,Ado,Loosley,aloosley9p@patch.com,Male,47.33.206.190
351,Friedrick,Danaher,fdanaher9q@tripadvisor.com,Male,225.70.228.223
352,Andie,Cundict,acundict9r@alexa.com,Male,65.16.223.131
353,Wandis,Hutt,whutt9s@lulu.com,Female,156.104.152.88
354,Geneva,Hammelberg,ghammelberg9t@nydailynews.com,Female,130.133.71.135
355,Deanna,Klimas,dklimas9u@usa.gov,Female,161.44.22.1
356,Jorey,Harsnipe,jharsnipe9v@jalbum.net,Female,17.58.171.162
357,Yale,Broadberrie,ybroadberrie9w@google.co.jp,Male,216.24.200.206
358,Gordie,Coffelt,gcoffelt9x@newsvine.com,Male,95.109.121.16
359,Antony,Cogar,acogar9y@wired.com,Male,204.49.163.4
360,Tremaine,Wooles,twooles9z@usda.gov,Male,220.142.207.187
361,Marshall,Drury,mdrurya0@shop-pro.jp,Male,37.76.114.25
362,Gretchen,Sives,gsivesa1@xing.com,Female,197.250.244.110
363,Niki,Seppey,nseppeya2@nps.gov,Male,145.55.238.9
364,Gunner,Iwanczyk,giwanczyka3@furl.net,Male,201.105.8.148
365,Claudianus,Webb-Bowen,cwebbbowena4@newyorker.com,Male,221.157.28.134
366,Thom,Rosson,trossona5@hp.com,Male,82.177.120.139
367,Sherilyn,Cowden,scowdena6@samsung.com,Female,196.3.112.33
368,Lion,Dabels,ldabelsa7@shinystat.com,Male,76.234.202.89
369,Briggs,Wagner,bwagnera8@baidu.com,Male,215.141.1.247
370,Lemmy,Tireman,ltiremana9@independent.co.uk,Male,30.166.237.56
371,Shaw,Goodyear,sgoodyearaa@symantec.com,Male,208.50.140.237
372,Scot,Stabbins,sstabbinsab@japanpost.jp,Male,134.73.136.29
373,Neysa,Mew,nmewac@mtv.com,Female,133.55.38.176
374,Prescott,Stockley,pstockleyad@usatoday.com,Male,136.202.250.80
375,Estel,Wakelin,ewakelinae@senate.gov,Female,36.172.142.221
376,Mahmoud,Akred,makredaf@umn.edu,Male,198.47.139.71
377,Frankie,Murie,fmurieag@live.com,Male,61.26.11.46
378,Cleo,Brozsset,cbrozssetah@jimdo.com,Female,206.40.186.4
379,Orsa,Hasling,ohaslingai@fc2.com,Female,125.249.90.163
380,Marc,McAw,mmcawaj@ucoz.ru,Male,226.0.150.147
381,Bryon,Sweed,bsweedak@wix.com,Male,225.242.81.79
382,Reinaldo,Rzehor,rrzehoral@paginegialle.it,Male,19.51.46.173
383,Ellette,Di Bartolommeo,edibartolommeoam@blogger.com,Female,90.80.75.234
384,Lorraine,Breedy,lbreedyan@addthis.com,Female,141.183.217.22
385,Edsel,Clever,ecleverao@sohu.com,Male,83.229.162.188
386,Fairleigh,Richter,frichterap@ftc.gov,Male,2.93.71.142
387,Inger,Mumbeson,imumbesonaq@jigsy.com,Male,139.151.142.98
388,Gleda,Moylane,gmoylanear@mapquest.com,Female,179.219.80.119
389,Arlana,MacGauhy,amacgauhyas@icio.us,Female,172.70.49.15
390,Jacky,Youthead,jyoutheadat@dmoz.org,Female,201.95.228.74
391,Irving,Wilber,iwilberau@rambler.ru,Male,195.61.232.103
392,Dorena,Romayn,dromaynav@ucoz.com,Female,11.64.154.110
393,Sascha,McGinney,smcginneyaw@goodreads.com,Female,138.241.18.170
394,Wynn,O' Connell,woconnellax@google.cn,Female,0.69.116.144
395,Elie,Gorst,egorstay@w3.org,Female,3.13.51.30
396,Devin,Pimlock,dpimlockaz@oaic.gov.au,Male,11.147.193.177
397,Yurik,Ellsom,yellsomb0@webnode.com,Male,250.107.92.133
398,Jamil,Dickman,jdickmanb1@china.com.cn,Male,23.149.26.28
399,Britney,Fitzsimon,bfitzsimonb2@usda.gov,Female,8.88.200.115
400,Shana,Obert,sobertb3@businesswire.com,Female,245.185.93.188
401,Kin,Gladman,kgladmanb4@dot.gov,Male,23.97.203.145
402,Lola,Havik,lhavikb5@nytimes.com,Female,26.53.6.192
403,Kevin,Ponton,kpontonb6@topsy.com,Male,187.103.34.120
404,Leroy,Pere,lpereb7@fastcompany.com,Male,189.61.202.152
405,Reggie,Tanman,rtanmanb8@cornell.edu,Female,49.44.174.180
406,Betsey,Shickle,bshickleb9@reference.com,Female,168.165.1.50
407,Egor,Cutchey,ecutcheyba@photobucket.com,Male,204.36.114.192
408,Theresina,Simenot,tsimenotbb@drupal.org,Female,219.179.204.97
409,Moreen,Gumary,mgumarybc@google.com.hk,Female,98.1.59.135
410,Elana,Ballach,eballachbd@360.cn,Female,99.8.223.53
411,Marlo,Perceval,mpercevalbe@time.com,Male,174.116.22.9
412,Bailey,Hanks,bhanksbf@liveinternet.ru,Male,38.40.23.8
413,Samuele,Andrat,sandratbg@noaa.gov,Male,74.123.219.53
414,Rhody,Glaserman,rglasermanbh@freewebs.com,Female,174.82.102.19
415,Evonne,Belsher,ebelsherbi@phoca.cz,Female,63.119.19.135
416,Dianna,Brandts,dbrandtsbj@imdb.com,Female,119.188.199.60
417,Lion,Bottby,lbottbybk@bigcartel.com,Male,98.250.4.159
418,Quintin,Cowley,qcowleybl@nature.com,Male,151.190.220.5
419,Augusta,Windley,awindleybm@comsenz.com,Female,83.75.48.208
420,Pammie,Manshaw,pmanshawbn@rakuten.co.jp,Female,45.0.25.250
421,Garvin,Brockwell,gbrockwellbo@mozilla.org,Male,95.147.160.88
422,Ronda,Easen,reasenbp@plala.or.jp,Female,202.219.32.172
423,Vyky,Aggett,vaggettbq@live.com,Female,70.97.155.53
424,Monika,Shakelady,mshakeladybr@qq.com,Female,46.30.245.193
425,Garrett,Stern,gsternbs@tamu.edu,Male,139.124.204.229
426,Andrew,Barge,abargebt@exblog.jp,Male,233.23.54.89
427,Dael,Stubbings,dstubbingsbu@digg.com,Male,9.127.60.33
428,Artur,Vashchenko,avashchenkobv@pinterest.com,Male,37.101.251.176
429,Idelle,Dorre,idorrebw@webnode.com,Female,232.189.18.238
430,Lynette,Sturror,lsturrorbx@youtu.be,Female,201.108.2.186
431,Chandler,Risman,crismanby@simplemachines.org,Male,68.105.20.132
432,Valida,Scarre,vscarrebz@amazonaws.com,Female,123.11.138.35
433,Guillaume,Grief,ggriefc0@addtoany.com,Male,200.34.99.28
434,Ofella,Playhill,oplayhillc1@mapy.cz,Female,148.26.44.131
435,Karney,Stubbley,kstubbleyc2@hubpages.com,Male,30.221.42.49
436,Edmon,Brunnen,ebrunnenc3@phpbb.com,Male,85.38.65.9
437,Timi,Boyles,tboylesc4@google.ca,Female,148.25.18.192
438,Lynn,Crannach,lcrannachc5@icio.us,Male,7.77.201.208
439,Nickey,Huws,nhuwsc6@blogtalkradio.com,Male,9.217.236.92
440,Dolley,Himpson,dhimpsonc7@eventbrite.com,Female,235.218.105.251
441,Kasper,Duncklee,kdunckleec8@twitter.com,Male,50.73.207.72
442,Daisie,Umpleby,dumplebyc9@newyorker.com,Female,254.113.114.176
443,Merridie,Moakes,mmoakesca@google.it,Female,215.75.100.135
444,Codie,Geram,cgeramcb@cloudflare.com,Male,33.224.0.50
445,Evelina,Seaward,eseawardcc@sina.com.cn,Female,236.35.76.128
446,Berrie,Bakey,bbakeycd@mapquest.com,Female,136.125.217.168
447,Staffard,Sara,ssarace@360.cn,Male,120.87.62.241
448,Rickie,Mattersley,rmattersleycf@cdbaby.com,Female,204.15.169.133
449,Heddi,Esselin,hesselincg@hao123.com,Female,228.68.0.111
450,Tedra,Bateman,tbatemanch@dot.gov,Female,40.108.134.3
451,Skippie,Marshalleck,smarshalleckci@who.int,Male,2.15.110.212
452,Leigha,Laughlin,llaughlincj@infoseek.co.jp,Female,179.100.61.141
453,Zarah,Courtes,zcourtesck@reddit.com,Female,19.127.101.249
454,Ivie,Bowhey,ibowheycl@dagondesign.com,Female,67.79.31.169
455,Gert,Aylesbury,gaylesburycm@google.com.br,Female,37.249.127.55
456,Duke,Rye,dryecn@netscape.com,Male,168.37.40.238
457,Allianora,Kidner,akidnerco@toplist.cz,Female,209.153.215.152
458,Lorrie,Poppleston,lpopplestoncp@theglobeandmail.com,Female,137.182.214.190
459,Derk,Coales,dcoalescq@narod.ru,Male,118.240.206.14
460,Gussi,Lyttle,glyttlecr@quantcast.com,Female,175.115.11.223
461,Windham,Rapaport,wrapaportcs@un.org,Male,52.178.23.125
462,Teena,Wainscot,twainscotct@amazon.com,Female,240.31.185.85
463,Hank,Eric,hericcu@mail.ru,Male,154.181.68.83
464,Freedman,Lacknor,flacknorcv@cnet.com,Male,30.46.63.237
465,Daria,Bodega,dbodegacw@boston.com,Female,184.47.58.120
466,Page,Follos,pfolloscx@rakuten.co.jp,Male,217.5.91.245
467,Katy,Salla,ksallacy@addtoany.com,Female,47.151.253.242
468,Marion,Willcox,mwillcoxcz@barnesandnoble.com,Female,26.161.178.157
469,Darbie,Lampel,dlampeld0@w3.org,Female,136.205.119.33
470,Con,Tomkowicz,ctomkowiczd1@pen.io,Female,13.82.151.33
471,Magdaia,Eicke,meicked2@yolasite.com,Female,247.94.227.184
472,Leland,Swadon,lswadond3@shutterfly.com,Female,101.214.137.23
473,Jessica,Trood,jtroodd4@pinterest.com,Female,160.235.181.165
474,Pansy,Pfiffer,ppfifferd5@google.co.jp,Female,151.34.69.113
475,Evangelia,Kynett,ekynettd6@typepad.com,Female,154.238.24.138
476,Tiebout,Knightly,tknightlyd7@ca.gov,Male,253.223.212.241
477,Cassius,Gummoe,cgummoed8@gnu.org,Male,138.148.105.226
478,Jennie,Barents,jbarentsd9@time.com,Female,37.81.3.172
479,Claudine,Venour,cvenourda@prnewswire.com,Female,167.134.244.120
480,Kevyn,Libri,klibridb@wix.com,Female,54.69.68.233
481,Sherlocke,Gravenor,sgravenordc@merriam-webster.com,Male,225.124.162.157
482,Nolly,Field,nfielddd@marketwatch.com,Male,135.128.18.145
483,Karla,Itzhak,kitzhakde@ocn.ne.jp,Female,144.181.228.135
484,Clywd,Gladstone,cgladstonedf@canalblog.com,Male,25.251.232.190
485,Kenna,Taber,ktaberdg@soundcloud.com,Female,165.243.176.87
486,Dalli,Bolton,dboltondh@baidu.com,Male,123.18.84.121
487,Kelsey,Moreland,kmorelanddi@java.com,Female,64.80.18.110
488,Brett,Lorenzin,blorenzindj@merriam-webster.com,Female,50.235.137.109
489,Ulrich,Cussons,ucussonsdk@telegraph.co.uk,Male,247.96.244.16
490,Quinta,Pullen,qpullendl@hexun.com,Female,115.30.14.198
491,Cody,Di Filippo,cdifilippodm@chicagotribune.com,Male,153.222.243.227
492,Dolli,Dowry,ddowrydn@cdc.gov,Female,163.252.179.81
493,Alexis,Figgins,afigginsdo@google.ru,Male,159.127.61.5
494,Roy,Barclay,rbarclaydp@skyrock.com,Male,148.136.6.124
495,Bastian,Eat,beatdq@booking.com,Male,224.155.85.0
496,Amby,Loadman,aloadmandr@weather.com,Male,94.153.99.154
497,Valle,Jayume,vjayumeds@dailymotion.com,Male,158.44.150.119
498,Trudey,Mortell,tmortelldt@furl.net,Female,189.156.40.116
499,Ken,Ineson,kinesondu@twitpic.com,Male,76.209.123.245
500,Bridie,Etherson,bethersondv@issuu.com,Female,53.132.98.204
